Name,manf
Baron Helles Bock,Baron Brewing Company
Baron Oktoberfest,Baron Brewing Company
Baron Pilsner,Baron Brewing Company
Baron Schwarzbier,Baron Brewing Company
Atlas Amber Ale,Big Time Brewing
Bhagwan's Best IPA,Big Time Brewing
Black Mulligan Dublin Stout,Big Time Brewing
Coal Creek Porter,Big Time Brewing
Faux Paddy Irish Ale,Big Time Brewing
Old Rip Oatmeal Stout,Big Time Brewing
Prime Time Pale Ale,Big Time Brewing
Scarlet Fire IPA,Big Time Brewing
Slam Dunkelweizen,Big Time Brewing
Snow Melt Nitrogen Pale,Big Time Brewing
Trombipulator,Big Time Brewing
Doppel Bock,Boundary Bay Brewery and Bistro
Brown Ale,Diamond Knot Brewery & Alehouse
E.S.B.,Diamond Knot Brewery & Alehouse
Golden Ale,Diamond Knot Brewery & Alehouse
Hefe-Weizen,Diamond Knot Brewery & Alehouse
IPA,Diamond Knot Brewery & Alehouse
Icebreaker Barley Wine,Diamond Knot Brewery & Alehouse
Industrial IPA,Diamond Knot Brewery & Alehouse
Lighthouse Ale,Diamond Knot Brewery & Alehouse
Possession Porter,Diamond Knot Brewery & Alehouse
Steamer Glide Stout,Diamond Knot Brewery & Alehouse
Barley Wine Ale,Dick's Brewing
Best Bitter,Dick's Brewing
Bottleworks IPA,Dick's Brewing
Cream Stout,Dick's Brewing
Danger Ale,Dick's Brewing
Double Diamond Winter,Dick's Brewing
Grand Cru,Dick's Brewing
IPA,Dick's Brewing
Irish Style Ale,Dick's Brewing
Lava Rock Porter,Dick's Brewing
Pale Ale,Dick's Brewing
Silk Lady,Dick's Brewing
Golden,Eagle Brewing
Alembic Pale,Elliott Bay Brewery and Pub
Dry Hopped IPA,Elliott Bay Brewery and Pub
IPA,Elliott Bay Brewery and Pub
Luna Weizen,Elliott Bay Brewery and Pub
No Doubt Stout,Elliott Bay Brewery and Pub
Riot Ale,Elliott Bay Brewery and Pub
Ambrosia Maibock,Elysian Brewery & Public House
Avatar Jasmine IPA,Elysian Brewery & Public House
BiFrÃ¶st Winter Ale,Elysian Brewery & Public House
BÃªte Blanche,Elysian Brewery & Public House
Cyclops Barleywine,Elysian Brewery & Public House
Elysian Fields Pale Ale,Elysian Brewery & Public House
Loki,Elysian Brewery & Public House
Perseus Porter,Elysian Brewery & Public House
The Immortal IPA,Elysian Brewery & Public House
The Wise ESB,Elysian Brewery & Public House
Whoville Weizenbock,Elysian Brewery & Public House
Zephyrus Pilsner,Elysian Brewery & Public House
AK-47 Malt Liquor,Elysian Brewing - TangleTown
Foster Child Australian Lager,Elysian Brewing - TangleTown
Warminster Special Bitter,Elysian Brewing - TangleTown
Barleywine,Engine House #9
Belgian White,Engine House #9
Firehouse Red,Engine House #9
Hefeweizen,Engine House #9
Imperial Pale,Engine House #9
India Pale Ale,Engine House #9
Irish Stout,Engine House #9
Porter,Engine House #9
Spring Bock,Engine House #9
Tacoma Brew,Engine House #9
Three Threads Porter,Far West Ireland Brewing
Wild Banshee Barleywine,Far West Ireland Brewing
10 Squared (10Â²),Fish Brewing Company & Fish Tail Brewpub
Blind Pig Dunkelweizen,Fish Brewing Company & Fish Tail Brewpub
Blonde Ale,Fish Brewing Company & Fish Tail Brewpub
Detonator Doppelbock,Fish Brewing Company & Fish Tail Brewpub
Leviathan 2004,Fish Brewing Company & Fish Tail Brewpub
Light,Fish Brewing Company & Fish Tail Brewpub
Monkfish Tripel,Fish Brewing Company & Fish Tail Brewpub
Mudshark Porter,Fish Brewing Company & Fish Tail Brewpub
Old Woody 2005,Fish Brewing Company & Fish Tail Brewpub
Organic Amber Ale,Fish Brewing Company & Fish Tail Brewpub
Organic India Pale Ale,Fish Brewing Company & Fish Tail Brewpub
Poseidon Imperial Stout,Fish Brewing Company & Fish Tail Brewpub
Thornton Creel Ale,Fish Brewing Company & Fish Tail Brewpub
Whistling Pig Hefeweizen,Fish Brewing Company & Fish Tail Brewpub
Wild Salmon Pale Ale,Fish Brewing Company & Fish Tail Brewpub
WinterFish Ale,Fish Brewing Company & Fish Tail Brewpub
Afterburner IPA,Flyers Restraunt and Brewery
Barnstormer Brown Ale,Flyers Restraunt and Brewery
Catalina Common Lager,Flyers Restraunt and Brewery
First Flight Amber Ale,Flyers Restraunt and Brewery
Heat Seeker Hefe,Flyers Restraunt and Brewery
Humbles Blond Ale,Flyers Restraunt and Brewery
Peacemaker Porter,Flyers Restraunt and Brewery
Sick Duck Imperial Stout,Flyers Restraunt and Brewery
Spitfire Best Bitter,Flyers Restraunt and Brewery
Amber Ale,Hale's Ales #3
Drawbridge Blonde,Hale's Ales #3
El Jefe Weizen Ale,Hale's Ales #3
Mongoose IPA,Hale's Ales #3
Moss Bay Extra,Hale's Ales #3
Pale Ale,Hale's Ales #3
Red Menace Big Amber,Hale's Ales #3
Troll Porter,Hale's Ales #3
Wee Heavy Winter Ale,Hale's Ales #3
Brown's Point ESB,Harmon Brewing Company
Mt. Takhoma Blonde Ale,Harmon Brewing Company
Pinnacle Peak Pale Ale,Harmon Brewing Company
Point Defiance IPA,Harmon Brewing Company
Puget Brown Porter,Harmon Brewing Company
Bourbon Barrel Stout,Issaquah Brewhouse
Farm Frog,Issaquah Brewhouse
Frosty Frog,Issaquah Brewhouse
Oak Stout,Issaquah Brewhouse
Two Frog Dubbel,Issaquah Brewhouse
Extra Special Bitter,LaConner Brewing
India Pale Ale,LaConner Brewing
LaConner Pilsener,LaConner Brewing
Pseudo Lambic Framboise,LaConner Brewing
Clipper Gold Hefeweizen,Maritime Pacific Brewing
Firkin IPA,Maritime Pacific Brewing
Flagship Red Alt Ale,Maritime Pacific Brewing
Islander Pale Ale,Maritime Pacific Brewing
Jolly Roger,Maritime Pacific Brewing
Nightwatch Dark Ale,Maritime Pacific Brewing
Old Seattle Lager,Maritime Pacific Brewing
Portage Bay Pilsener,Maritime Pacific Brewing
Salmon Bay E.S.B.,Maritime Pacific Brewing
Yo Ho Ho Christmas Ale 2001,Maritime Pacific Brewing
Golden,McMenamins Mill Creek
Hammerhead Ale,McMenamins Mill Creek
I.M. Pale,McMenamins Mill Creek
India Pale Ale,McMenamins Mill Creek
Irish Stout,McMenamins Mill Creek
Nebraska Bitter,McMenamins Mill Creek
Porter,McMenamins Mill Creek
Terminator Stout,McMenamins Mill Creek
Wheat Beer,McMenamins Mill Creek
Penitentiary Porter,Mill Creek Brewpub
Kirkland Ale,Northwest Brewwrks
Pale Ale,Orchard Street Brewery
Admiral ESB,Pacific Rim Brewing
Alki Ale,Pacific Rim Brewing
Blacktop Porter,Pacific Rim Brewing
Castaway Barley Wine Winter Ale,Pacific Rim Brewing
Driftwood Ale,Pacific Rim Brewing
Fauntleroy Stout,Pacific Rim Brewing
Puget Porter,Pacific Rim Brewing
Rat City IPA,Pacific Rim Brewing
Vashon Old Stock Ale,Pacific Rim Brewing
Auld Acquaintance Spiced Ale,Pike Pub and Brewery
India Pale Ale,Pike Pub and Brewery
Kilt Lifter Scotch Ale,Pike Pub and Brewery
Oatmeal Stout,Pike Pub and Brewery
Old Bawdy 2006,Pike Pub and Brewery
Pale Ale,Pike Pub and Brewery
Weisse,Pike Pub and Brewery
XXXXX Stout,Pike Pub and Brewery
5 |000 Year Ale,Pyramid Alehouse | Brewery and Restaurant - Seattle
Amber Weizen,Pyramid Alehouse | Brewery and Restaurant - Seattle
Curve Ball,Pyramid Alehouse | Brewery and Restaurant - Seattle
DPA,Pyramid Alehouse | Brewery and Restaurant - Seattle
Hefeweizen,Pyramid Alehouse | Brewery and Restaurant - Seattle
Krystal Weizen,Pyramid Alehouse | Brewery and Restaurant - Seattle
Snow Cap,Pyramid Alehouse | Brewery and Restaurant - Seattle
Thunder Head IPA,Pyramid Alehouse | Brewery and Restaurant - Seattle
Tilted Kilt Ale,Pyramid Alehouse | Brewery and Restaurant - Seattle
Apricot Weizen Ale,Pyramid Ales Brewery
Curve Ball,Pyramid Ales Brewery
Hart Espresso Stout,Pyramid Ales Brewery
Pyramid Amber Weizen,Pyramid Ales Brewery
Pyramid Apricot Weizen,Pyramid Ales Brewery
Pyramid Broken Rake,Pyramid Ales Brewery
Pyramid Hefe Weizen,Pyramid Ales Brewery
Pyramid Thunderhead IPA,Pyramid Ales Brewery
Scotch brand Ale,Pyramid Ales Brewery
Snow Cap,Pyramid Ales Brewery
Sun Fest,Pyramid Ales Brewery
Traditional ESB,Pyramid Ales Brewery
Black Hook Porter,Redhook Ale Brewery
Blonde Ale,Redhook Ale Brewery
Double Black Stout,Redhook Ale Brewery
ESB,Redhook Ale Brewery
Hoptoberfest,Redhook Ale Brewery
Nut Brown Ale,Redhook Ale Brewery
Redhook Long Hammer IPA,Redhook Ale Brewery
Rye,Redhook Ale Brewery
SunRye,Redhook Ale Brewery
Wheat Hook,Redhook Ale Brewery
Winterhook Robust Winter Ale 1993,Redhook Ale Brewery
Winterhook Robust Winter Ale 2000,Redhook Ale Brewery
Amber Ale,Scuttlebutt Brewing
Gale Force IPA,Scuttlebutt Brewing
Hefe Weizen,Scuttlebutt Brewing
Homeport Blonde,Scuttlebutt Brewing
Maibock,Scuttlebutt Brewing
Nut Brown,Scuttlebutt Brewing
Porter,Scuttlebutt Brewing
Sequoia Red,Scuttlebutt Brewing
Del Rio Lager,Skagit River Brewing
Dutch Girl Lager,Skagit River Brewing
Free Bike Amber,Skagit River Brewing
Highwater Porter,Skagit River Brewing
Navidad,Skagit River Brewing
Red Card Lager,Skagit River Brewing
Skagit Brown Ale,Skagit River Brewing
Skibbereen Stout,Skagit River Brewing
Steelie Brown Ale,Skagit River Brewing
Trumpeter,Skagit River Brewing
Yellowjacket Pale Ale,Skagit River Brewing
Extra Special Bitter,Snipes Mountain Microbrewery & Restaurant
Roza Reserve,Snipes Mountain Microbrewery & Restaurant
Oktoberfest,Thomas Kemper Brewing
Bock,Twin Rivers Brewing
Imperial I.P.A.,Twin Rivers Brewing
Imperial Stout,Twin Rivers Brewing
India Pale Ale,Twin Rivers Brewing
N.W. Pale Ale,Twin Rivers Brewing
Pilsner,Twin Rivers Brewing
Saison,Twin Rivers Brewing
Weissbier,Twin Rivers Brewing
Deep Powder Winter Ale,Yakima Brewing and Malting / Grant's Ales
Hefeweizen,Yakima Brewing and Malting / Grant's Ales
Imperial Stout,Yakima Brewing and Malting / Grant's Ales
India Pale Ale,Yakima Brewing and Malting / Grant's Ales
Spiced Ale,Yakima Brewing and Malting / Grant's Ales
