name,city,addr,license,phone
NorthGate Brewing ,Minneapolis,Buge Turnpike,39827,(264) 458-9553
Against the Grain Brewery,Louisville,Hotmir Street,76375,(472) 868-7362
Jack's Abby Craft Lagers,Framingham,Zerjo Parkway,65942,(533) 516-2257
Mike Hess Brewing Company,San Diego,Kuvako Trail,55190,(652) 635-5086
Fort Point Beer Company,San Francisco,Hijem Square,6914,(604) 353-3187
COAST Brewing Company,Charleston,Mibtol Boulevard,57044,(341) 500-1445
Great Divide Brewing Company,Denver,Filsuk Way,19085,(781) 679-7443
Tapistry Brewing,Bridgman,Waral Mill,90534,(278) 755-6392
Big Lake Brewing,Holland,Vukuw Park,42595,(202) 427-9922
The Mitten Brewing Company,Grand Rapids,Tuki Turnpike,35536,(816) 915-8435
Brewery Vivant,Grand Rapids,Zeffeh Terrace,27137,(405) 460-6351
Petoskey Brewing,Petoskey,Fice Point,5078,(678) 461-3095
Blackrocks Brewery,Marquette,Tepe Manor,45258,(754) 267-4133
Perrin Brewing Company,Comstock Park,Evwi Junction,80220,(467) 294-6105
Witch's Hat Brewing Company,South Lyon,Husil Mill,59538,(876) 658-6963
Founders Brewing Company,Grand Rapids,Gimtek Trail,6212,(781) 491-4955
Flat 12 Bierwerks,Indianapolis,Cewoc Place,30865,(585) 885-3799
Tin Man Brewing Company,Evansville,Ibaof Court,55592,(859) 348-3298
Black Acre Brewing Co.,Indianapolis,Ihoku Loop,79668,(481) 807-1881
Brew Link Brewing,Plainfield,Bivat Lane,58803,(447) 672-5044
Bare Hands Brewery,Granger,Davir Terrace,79537,(337) 296-1360
Three Pints Brewing,Martinsville,Vibe Circle,35809,(331) 928-5951
Four Fathers Brewing ,Valparaiso,Jojum Boulevard,33099,(765) 302-6727
Indiana City Brewing,Indianapolis,Wohjid Park,92411,(631) 651-1192
Burn 'Em Brewing,Michigan City,Goco Plaza,94315,(251) 497-2687
Sun King Brewing Company,Indianapolis,Sose View,80971,(441) 545-8039
Evil Czech Brewery,Mishawaka,Tuvrim Terrace,53029,(248) 725-3191
450 North Brewing Company,Columbus,Eteda Loop,59947,(936) 278-3635
Taxman Brewing Company,Bargersville,Hebu Path,6122,(329) 344-2419
Cedar Creek Brewery,Seven Points,Todles View,4721,(285) 229-5342
SanTan Brewing Company,Chandler,Giszes Turnpike,33823,(460) 503-5319
Boulevard Brewing Company,Kansas City,Ajohoj Boulevard,23332,(986) 738-5358
James Page Brewing Company,Stevens Point,Juec Ridge,36339,(637) 282-3716
The Dudes' Brewing Company,Torrance,Vabo Terrace,36164,(970) 225-4535
Ballast Point Brewing Company,San Diego,Mevop Heights,62851,(488) 720-4728
Anchor Brewing Company,San Francisco,Lopa Circle,86284,(887) 908-6961
Figueroa Mountain Brewing Company,Buellton,Hefek Circle,53722,(270) 688-3129
Avery Brewing Company,Boulder,Move Mill,46894,(976) 205-8875
Twisted X Brewing Company,Dripping Springs,Okesec Key,78464,(371) 433-4717
Gonzo's BiggDogg Brewing,Kalamazoo,Oveor Extension,14466,(218) 754-6168
Big Muddy Brewing,Murphysboro,Itjom Court,14865,(808) 233-8268
Lost Nation Brewing,East Fairfield,Etpes Street,70974,(970) 250-5605
Rising Tide Brewing Company,Portland,Macina Circle,62363,(885) 780-9174
Rivertowne Brewing Company,Export,Laimo River,73557,(316) 539-1619
Revolution Brewing Company,Chicago,Vowel Road,17341,(928) 837-8903
Tallgrass Brewing Company,Manhattan,Otoluv Trail,78196,(731) 275-9140
Sixpoint Craft Ales,Brooklyn,Juro Point,61212,(317) 577-2434
White Birch Brewing,Hooksett,Civo Plaza,56372,(366) 692-9673
Firestone Walker Brewing Company,Paso Robles,Soli Point,66641,(406) 726-5157
SweetWater Brewing Company,Atlanta,Bicpik Square,32471,(367) 265-8699
Flying Mouse Brewery,Troutville,Nenen Glen,50989,(777) 511-7999
Upslope Brewing Company,Boulder,Ulesic Circle,13872,(648) 697-8218
Pipeworks Brewing Company,Chicago,Ufaak Ridge,19740,(228) 656-4520
Bent Brewstillery,Roseville,Jafi Path,51833,(858) 258-5508
Flesk Brewing Company,Lombard,Ivzi Center,596,(551) 203-8801
Pollyanna Brewing Company,Lemont,Lobpic Plaza,85628,(349) 550-2299
BuckleDown Brewing,Lyons,Zeul Avenue,49955,(260) 801-5363
Destihl Brewery,Bloomington,Ujuloh Pike,5661,(283) 471-6876
Summit Brewing Company,St. Paul,Roew Turnpike,17706,(905) 454-9859
Latitude 42 Brewing Company,Portage,Sueje Mill,39063,(827) 796-1638
4 Hands Brewing Company,Saint Louis,Jowa Junction,5675,(548) 883-2176
Surly Brewing Company,Brooklyn Center,Nifo Highway,30096,(803) 723-3905
Against The Grain Brewery,Louisville,Zobzop Way,43908,(832) 478-9508
Crazy Mountain Brewing Company,Edwards,Guovu Lane,43414,(435) 665-3225
SlapShot Brewing Company,Chicago,Biuwi Center,40069,(308) 412-2845
Mikerphone Brewing,Chicago,Moupe Mill,99256,(404) 622-9023
Freetail Brewing Company,San Antonio,Fegeb Way,28952,(713) 992-2130
3 Daughters Brewing,St Petersburg,Tumlon Circle,79916,(566) 948-6552
Red Shedman Farm Brewery and Hop...,Mt. Airy,Worrep Path,86552,(674) 717-1716
Appalachian Mountain Brewery,Boone,Sulvo Avenue,7768,(428) 601-9117
Birdsong Brewing Company,Charlotte,Assip Way,2584,(731) 624-1068
Union Craft Brewing,Baltimore,Kewimi Heights,9108,(811) 424-9859
Atwater Brewery,Detroit,Wiew Highway,69238,(519) 293-4806
Ale Asylum,Madison,Vipir Square,52251,(350) 923-6012
Two Brothers Brewing Company,Warrenville,Porfu Highway,67816,(531) 809-4007
Bent Paddle Brewing Company,Duluth,Metow Road,15954,(712) 438-2905
Bell's Brewery,Kalamazoo,Supzec Way,92392,(406) 738-2679
Blue Owl Brewing,Austin,Kepaw Glen,76535,(838) 878-1184
Speakasy Ales & Lagers,San Francisco,Ejific River,43737,(347) 329-1955
Black Tooth Brewing Company,Sheridan,Nevi Way,49361,(826) 671-3346
Hopworks Urban Brewery,Portland,Renop Terrace,28311,(829) 990-8184
Epic Brewing,Denver,Vatpon Highway,98301,(422) 971-6545
New Belgium Brewing Company,Fort Collins,Ivubuf Court,57812,(929) 384-5190
Sierra Nevada Brewing Company,Chico,Fifis Key,13624,(412) 859-8001
Keweenaw Brewing Company,Houghton,Koluju Boulevard,70498,(906) 600-5482
Brewery Terra Firma,Traverse City,Lergez Turnpike,24598,(303) 977-5435
Grey Sail Brewing Company,Westerly,Abihi Park,65771,(579) 605-2836
Kirkwood Station Brewing Company,Kirkwood,Vihenu Junction,16242,(236) 803-6260
Goose Island Brewing Company,Chicago,Dabu Terrace,65541,(742) 589-8575
Broad Brook Brewing LLC,East Windsor,Agufo Street,82761,(821) 954-3651
The Lion Brewery,Wilkes-Barre,Focne Manor,28226,(836) 602-9347
Madtree Brewing Company,Cincinnati,Niwpi Circle,61953,(712) 608-8416
Jackie O's Pub & Brewery,Athens,Noala River,1394,(586) 609-9338
Rhinegeist Brewery,Cincinnati,Pewtej Mill,74926,(965) 867-5285
Warped Wing Brewing Company,Dayton,Guzis Extension,48607,(485) 571-9320
Blackrocks Brewery,Marquette,Azoda Way,38796,(915) 996-6543
Catawba Valley Brewing Company,Morganton,Hirwe Boulevard,2451,(868) 405-5902
Tr√∂egs Brewing Company,Hershey,Fomam Junction,64746,(284) 703-8463
Mission Brewery,San Diego,Sucet Turnpike,52403,(403) 734-1354
Christian Moerlein Brewing Company,Cincinnati,Ciplaz Point,60393,(552) 638-4407
West Sixth Brewing,Lexington,Zalo Road,48995,(419) 436-5109
Coastal Extreme Brewing Company,Newport,Fopmo Place,72204,(855) 669-8615
King Street Brewing Company,Anchorage,Tobeh Grove,13194,(505) 751-3019
Beer Works Brewery,Lowell,Piir Heights,70628,(263) 530-5232
Lone Tree Brewing Company,Lone Tree,Kibca Turnpike,36341,(444) 851-2738
Four String Brewing Company,Columbus,Ceag Parkway,32177,(336) 320-7357
Glabrous Brewing Company,Pineland,Horof Parkway,91420,(632) 586-6302
Bonfire Brewing Company,Eagle,Fulos Loop,87095,(232) 671-6523
Thomas Hooker Brewing Company,Bloomfield,Dejaga Highway,59210,(971) 338-4629
"Woodstock Inn, Station & Brewery",North Woodstock,Mevda Place,32174,(869) 368-4697
Renegade Brewing Company,Denver,Beava Lane,86880,(454) 458-2557
Mother Earth Brew Company,Vista,Vajec Park,65516,(504) 451-2572
Black Market Brewing Company,Temecula,Sevap Manor,27037,(323) 836-5068
Vault Brewing Company,Yardley,Siji Place,49710,(631) 234-6859
Jailbreak Brewing Company,Laurel,Nune Boulevard,19379,(545) 574-5418
Smartmouth Brewing Company,Norfolk,Cannic Lane,30431,(806) 320-2700
Base Camp Brewing Co.,Portland,Jadaw Avenue,25986,(664) 971-1847
Alameda Brewing,Portland,Riihu Lane,71368,(676) 332-2798
Southern Star Brewing Company,Conroe,Wokir Glen,59169,(802) 641-1485
Steamworks Brewing Company,Durango,Utoil Road,88612,(955) 788-9473
Horny Goat Brew Pub,Milwaukee,Maevi Place,64817,(302) 999-9119
Cheboygan Brewing Company,Cheboygan,Wecnim Pike,28643,(509) 580-9497
Center of the Universe Brewing C...,Ashland,Sefe Square,31048,(555) 677-8698
Ipswich Ale Brewery,Ipswich,Winu Turnpike,94912,(944) 848-8049
Griffin Claw Brewing Company,Birmingham,Baclun Point,49402,(864) 473-6991
Karbach Brewing Company,Houston,Jevih Ridge,9833,(880) 766-8326
Uncle Billy's Brewery and Smokeh...,Austin,Hiif Street,3728,(320) 771-4306
Deep Ellum Brewing Company,Dallas,Wofes Avenue,37784,(521) 970-6707
Real Ale Brewing Company,Blanco,Udele Road,55801,(831) 547-8927
Straub Brewery,St Mary's,Joma Circle,76239,(676) 589-7638
Shebeen Brewing Company,Wolcott,Coco Lane,87826,(989) 565-4000
Stevens Point Brewery,Stevens Point,Gasde Heights,60110,(776) 833-4856
Weston Brewing Company,Weston,Jivaj Loop,71893,(460) 995-9988
Southern Prohibition Brewing Com...,Hattiesburg,Lokar Terrace,30032,(437) 632-1614
Minhas Craft Brewery,Monroe,Obawo Point,62513,(868) 694-8522
Pug Ryan's Brewery,Dillon,Rufci Extension,40365,(256) 419-3974
Hops & Grains Brewing Company,Austin,Dike Turnpike,99785,(373) 426-5821
Sietsema Orchards and Cider Mill,Ada,Culi Center,77885,(610) 400-2751
Summit Brewing Company,St Paul,Enoma Street,80806,(211) 261-5161
Core Brewing & Distilling Company,Springdale,Evha Street,52554,(688) 662-4987
Independence Brewing Company,Austin,Ahiic Pike,46255,(478) 736-3875
Cigar City Brewing Company,Tampa,Hopak Avenue,6461,(644) 907-2494
Third Street Brewhouse,Cold Spring,Rurlo Key,48979,(708) 644-4389
Narragansett Brewing Company,Providence,Benhos Turnpike,21434,(677) 493-5132
Grimm Brothers Brewhouse,Loveland,Cidseb Square,30270,(923) 817-9456
Cisco Brewers,Nantucket,Varod Point,90955,(337) 695-9432
Angry Minnow,Hayward,Sovlev Junction,16720,(849) 317-1858
Platform Beer Company,Cleveland,Sitok Road,82706,(755) 880-8723
Odyssey Beerwerks,Arvada,Addub Heights,49825,(607) 271-6943
Lonerider Brewing Company,Raleigh,Kodge Avenue,61753,(778) 709-9545
Oakshire Brewing,Eugene,Kagute Ridge,38059,(735) 309-1844
Fort Pitt Brewing Company,Latrobe,Iraite Place,71133,(240) 794-1954
Tin Roof Brewing Company,Baton Rouge,Rigu Pike,12676,(349) 686-4823
Three Creeks Brewing,Sisters,Zohu River,90547,(467) 348-9355
2 Towns Ciderhouse,Corvallis,Legis Court,69503,(741) 477-1263
Caldera Brewing Company,Ashland,Upeb Court,18100,(340) 237-5171
Greenbrier Valley Brewing Company,Lewisburg,Biczep Center,60153,(932) 951-3668
Phoenix Ale Brewery,Phoenix,Lujtol Loop,88507,(945) 917-3046
Lumberyard Brewing Company,Flagstaff,Doib Center,11104,(683) 627-2213
Uinta Brewing Company,Salt Lake City,Gopiv Key,93411,(882) 742-6569
Four Peaks Brewing Company,Tempe,Rewgov Ridge,64878,(828) 258-9270
Martin House Brewing Company,Fort Worth,Selo Junction,64045,(866) 539-7296
Right Brain Brewery,Traverse City,Koleg Square,20794,(858) 862-2671
Sly Fox Brewing Company,Phoenixville,Agke Drive,64040,(574) 604-6666
Round Guys Brewing,Lansdale,Taew Extension,89216,(759) 404-8002
Great Crescent Brewery,Aurora,Zuvoh Glen,93749,(459) 450-6908
Oskar Blues Brewery,Longmont,Riro Way,6983,(259) 671-1602
Boxcar Brewing Company,West Chester,Fojas Court,97703,(527) 736-7062
High Hops Brewery,Windsor,Pudhoz Ridge,69574,(605) 446-9070
Crooked Fence Brewing Company,Garden City,Urso Park,91266,(805) 412-7025
Everybody's Brewing,White Salmon,Wedi Center,44193,(721) 580-4691
Anderson Valley Brewing Company,Boonville,Zusgu Avenue,82843,(724) 947-4285
Fiddlehead Brewing Company,Shelburne,Irnoj Parkway,78070,(883) 583-2322
Evil Twin Brewing,Brooklyn,Oseof Mill,25135,(621) 487-8818
New Orleans Lager & Ale Brewing ...,New Orleans,Cemli Road,27038,(858) 637-3617
Spiteful Brewing Company,Chicago,Widri Grove,81534,(638) 848-9343
Rahr & Sons Brewing Company,Fort Worth,Algo Manor,14849,(361) 624-7659
18th Street Brewery,Gary,Bodus Highway,73256,(263) 588-3726
Cambridge Brewing Company,Cambridge,Jazofu Pike,89101,(503) 905-3051
Carolina Brewery,Pittsboro,Uleus Avenue,66125,(888) 821-6490
Frog Level Brewing Company,Waynesville,Becdo Park,25870,(656) 233-1790
Wild Wolf Brewing Company,Nellysford,Afkic Junction,30263,(417) 229-2066
COOP Ale Works,Oklahoma City,Webak Terrace,94452,(674) 377-4305
Seventh Son Brewing Company,Columbus,Jocmoc Terrace,22052,(469) 224-8555
Oasis Texas Brewing Company,Austin,Izopa Center,99115,(585) 465-1228
Vander Mill Ciders,Spring Lake,Pesare Court,19695,(418) 562-2520
St. Julian Winery,Paw Paw,Izuni Path,58427,(268) 685-1054
Pedernales Brewing Company,Fredericksburg,Zabe Pike,41630,(414) 923-5703
Mother's Brewing,Springfield,Nilo Point,94300,(852) 225-5978
Modern Monks Brewery,Lincoln,Darbaw Mill,22421,(617) 311-6573
Two Beers Brewing Company,Seattle,Jeote Square,56671,(370) 271-9053
Snake River Brewing Company,Jackson,Ogfu Glen,32435,(226) 256-4680
Capital Brewery,Middleton,Tata Pike,23412,(472) 726-7515
Anthem Brewing Company,Oklahoma City,Lisja Loop,53577,(422) 868-9642
Goodlife Brewing Co.,Bend,Mudmo Heights,30561,(820) 688-9967
Breakside Brewery,Portland,Unoto Pike,17809,(587) 515-8804
Goose Island Brewery Company,Chicago,Solja Extension,10526,(882) 953-6334
Burnside Brewing Co.,Portland,Cucep Junction,76312,(720) 693-5598
Hop Valley Brewing Company,Springfield,Zobsuf Junction,32526,(875) 644-4896
Worthy Brewing Company,Bend,Ovto Pike,85904,(431) 706-6280
Occidental Brewing Company,Portland,Kiiga Pass,93936,(905) 739-7607
Fearless Brewing Company,Estacada,Ojigi River,18819,(359) 493-7182
Upland Brewing Company,Bloomington,Vumkak Road,88629,(479) 767-2353
Mehana Brewing Co.,Hilo,Osso Heights,13027,(961) 291-4366
Hawai'i Nui Brewing Co.,Hilo,Bufa View,91662,(358) 509-8786
People's Brewing Company,Lafayette,Riwo Turnpike,1005,(761) 622-5708
Fort George Brewery,Astoria,Ecdu Court,27323,(671) 346-7196
Branchline Brewing Company,San Antonio,Gokob River,97157,(341) 711-5770
Kalona Brewing Company,Kalona,Zebaf Ridge,16711,(347) 591-4129
Modern Times Beer,San Diego,Kablen Highway,57858,(745) 981-7740
Temperance Beer Company,Evanston,Otoufu Path,54314,(851) 208-9306
Wisconsin Brewing Company,Verona,Leme Heights,18975,(224) 204-9221
Crow Peak Brewing Company,Spearfish,Manla Boulevard,60219,(789) 455-3703
Grapevine Craft Brewery,Farmers Branch,Okidi Path,86952,(271) 429-2958
Buffalo Bayou Brewing Company,Houston,Natta Court,594,(613) 641-1796
Texian Brewing Co.,Richmond,Pifah Boulevard,13835,(425) 745-1052
Orpheus Brewing,Atlanta,Gizmov View,72814,(911) 242-7896
Forgotten Boardwalk,Cherry Hill,Nelibu Loop,23535,(532) 530-1647
Laughing Dog Brewing Company,Ponderay,Wehce Manor,29287,(685) 772-9171
Bozeman Brewing Company,Bozeman,Udicig Road,13293,(576) 227-1939
Big Choice Brewing,Broomfield,Ahme Parkway,13930,(959) 921-1005
Big Storm Brewing Company,Odessa,Tiwuw Path,83065,(905) 951-3133
Carton Brewing Company,Atlantic Highlands,Fapca Extension,22853,(938) 821-9165
Midnight Sun Brewing Company,Anchorage,Liwe Extension,98136,(973) 798-6385
Fat Head's Brewery,Middleburg Heights,Polzi Heights,10386,(373) 902-1355
Refuge Brewery,Temecula,Ikava Mill,29488,(343) 939-2602
Chatham Brewing,Chatham,Fazej Path,52101,(978) 379-2450
DC Brau Brewing Company,Washington,Vabcug Avenue,52751,(608) 265-8365
Geneva Lake Brewing Company,Lake Geneva,Lukzes Place,68480,(562) 680-1883
Rochester Mills Brewing Company,Rochester,Avatog Drive,30340,(216) 920-1861
Cape Ann Brewing Company,Gloucester,Zali Plaza,9593,(962) 719-3468
Borderlands Brewing Company,Tucson,Puso Mill,61018,(480) 953-3409
College Street Brewhouse and Pub,Lake Havasu City,Moed Terrace,43291,(510) 718-7559
Joseph James Brewing Company,Henderson,Nawwaj Circle,55781,(802) 613-8543
Harpoon Brewery,Boston,Kovcor Path,72308,(812) 315-5906
Back East Brewing Company,Bloomfield,Ipebar Ridge,74834,(921) 554-8068
Champion Brewing Company,Charlottesville,Toddu Drive,2512,(521) 255-1206
Devil's Backbone Brewing Company,Lexington,Dewo Path,55849,(964) 536-9531
Newburgh Brewing Company,Newburgh,Cehlir Circle,61264,(258) 729-2076
Wiseacre Brewing Company,Memphis,Wafdef Junction,87100,(862) 423-1847
Golden Road Brewing,Los Angeles,Holrun Square,40489,(283) 354-2605
New Republic Brewing Company,College Station,Taro Path,15348,(876) 409-7573
Infamous Brewing Company,Austin,Bizu Trail,44741,(580) 698-6442
Two Henrys Brewing Company,Plant City,Ibila Turnpike,83392,(372) 677-8699
Lift Bridge Brewing Company,Stillwater,Huwi Key,52115,(805) 733-3428
Lucky Town Brewing Company,Jackson,Cacsib Lane,15093,(845) 448-4968
Quest Brewing Company,Greenville,Nerag Lane,43457,(557) 312-4770
Creature Comforts,Athens,Tigez Square,23014,(463) 781-2749
Half Full Brewery,Stamford,Faema Avenue,83720,(722) 431-6746
Southampton Publick House,Southampton,Idato Turnpike,33936,(700) 499-3531
Chapman's Brewing,Angola,Pocit Way,10107,(411) 449-4621
Barrio Brewing Company,Tucson,Liuhe Glen,87473,(631) 988-6440
Santa Cruz Mountain Brewing,Santa Cruz,Dahev View,45846,(589) 553-6714
Frankenmuth Brewery,Frankenmuth,Jezaz Drive,5538,(721) 211-8967
Meckley's Cidery,Somerset Center,Fiacu Glen,92049,(818) 753-1857
Stillwater Artisanal Ales,Baltimore,Juav Square,28377,(856) 443-6668
Finch's Beer Company,Chicago,Taleg Trail,97089,(263) 643-1130
South Austin Brewery,South Austin,Miuf Ridge,83877,(289) 282-9041
Bauhaus Brew Labs,Minneapolis,Kutne Terrace,18704,(654) 281-2213
Ozark Beer Company,Rogers,Akpuw Drive,52251,(653) 691-4168
Mountain Town Brewing Company ,Mount Pleasant,Javoz Pass,32832,(784) 858-9637
Otter Creek Brewing,Waterbury,Golwa View,97989,(237) 430-5916
The Brewer's Art,Baltimore,Weeki Street,91868,(877) 848-3725
Denver Beer Company,Denver,Letof Parkway,79506,(613) 453-8444
Ska Brewing Company,Durango,Upaafe Loop,91594,(788) 359-6676
Tractor Brewing Company,Albuquerque,Medego Turnpike,76736,(207) 898-6061
Peak Organic Brewing Company,Portland,Beocu Circle,13304,(850) 900-7676
Cape Cod Beer,Hyannis,Azno Pass,73709,(848) 708-9986
Long Trail Brewing Company,Bridgewater Corners,Zubpe Boulevard,70513,(503) 341-8516
Great Raft Brewing Company,Shreveport,Dilap Road,30817,(400) 618-6795
Alaskan Brewing Company,Juneau,Ehedu Parkway,57748,(658) 997-1312
Notch Brewing Company,Ipswich,Ezoge River,23374,(403) 618-8549
The Alchemist,Waterbury,Ulsav Turnpike,67769,(444) 892-5900
Three Notch'd Brewing Company,Charlottesville,Wufic Grove,86809,(338) 358-3671
Portside Brewery,Cleveland,Eneme Lane,36370,(329) 650-2630
Otter Creek Brewing,Middlebury,Woawi Junction,60838,(503) 579-8818
Montauk Brewing Company,Montauk,Zojuf Plaza,99963,(910) 958-8414
Indeed Brewing Company,Minneapolis,Edij Road,31751,(719) 436-1571
Berkshire Brewing Company,South Deerfield,Faig Lane,77404,(854) 605-3291
Foolproof Brewing Company,Pawtucket,Bouzo Loop,9289,(900) 354-3214
Headlands Brewing Company,Mill Valley,Zargo Glen,49342,(912) 581-3415
Bolero Snort Brewery,Ridgefield Park,Upef Path,67093,(543) 573-2986
Thunderhead Brewing Company,Kearney,Faak Court,78575,(231) 496-9861
Defiance Brewing Company,Hays,Ufga Terrace,60108,(334) 374-5188
Milwaukee Brewing Company,Milwaukee,Mabhih Ridge,5173,(723) 772-5348
Catawba Island Brewing,Port Clinton,Cocda Way,44332,(876) 998-1999
Back Forty Beer Company,Gadsden,Esorab River,85124,(859) 282-8299
Four Corners Brewing Company,Dallas,Hono Court,3901,(971) 531-8377
Saint Archer Brewery,San Diego,Bifip Place,32549,(518) 258-1874
Rogue Ales,Newport,Tuki River,34260,(769) 339-1623
Hale's Ales,Seattle,Sijcir Path,50284,(982) 261-1783
Tommyknocker Brewery,Idaho Springs,Omava Court,70616,(627) 374-1522
Baxter Brewing Company,Lewiston,Bovveh Avenue,49522,(719) 525-6570
Northampton Brewery,Northamtpon,Tasci Terrace,86930,(907) 603-3996
Black Shirt Brewing Company,Denver,Gago Pike,41586,(712) 969-7266
Wachusett Brewing Company,Westminster,Pizop Key,49954,(836) 395-4422
Widmer Brothers Brewing Company,Portland,Jocod Heights,11329,(317) 730-2808
Hop Farm Brewing Company,Pittsburgh,Bibow Avenue,27755,(478) 722-1962
Liquid Hero Brewery,York,Ponoc Ridge,49945,(933) 705-4428
Matt Brewing Company,Utica,Bamag Road,76906,(537) 396-1305
Boston Beer Company,Boston,Suej Pass,62259,(416) 584-6379
Old Forge Brewing Company,Danville,Ebori Road,19160,(763) 612-5667
Utah Brewers Cooperative,Salt Lake City,Fofde Terrace,30759,(255) 917-5462
Magic Hat Brewing Company,South Burlington,Suwov Road,19437,(740) 559-4196
Blue Hills Brewery,Canton,Canef River,83086,(911) 515-3221
Night Shift Brewing,Everett,Desala Street,18092,(751) 334-2657
Beach Brewing Company,Virginia Beach,Iwvo Junction,69362,(562) 387-2797
Payette Brewing Company,Garden City,Anuzub Center,52470,(702) 292-8691
Brew Bus Brewing,Tampa,Afeiw View,38615,(618) 694-6490
Sockeye Brewing Company,Boise,Seiha Key,32348,(889) 413-6372
Pine Street Brewery,San Francisco,Zipvel Junction,92109,(511) 670-8707
Dirty Bucket Brewing Company,Woodinville,Nuhvis Glen,33636,(937) 720-6183
Jackalope Brewing Company,Nashville,Lofu View,30762,(444) 537-7721
Slanted Rock Brewing Company,Meridian,Cubwi Road,57306,(309) 990-6633
Piney River Brewing Company,Bucryus,Utob Terrace,50076,(947) 616-7496
Cutters Brewing Company,Avon,Fosif Loop,87182,(365) 415-6256
Iron Hill Brewery & Restaurant,Wilmington,Anwek Parkway,12673,(333) 218-9809
Marshall Wharf Brewing Company,Belfast,Miur Avenue,56634,(475) 445-7454
Banner Beer Company,Williamsburg,Cika Plaza,4219,(260) 779-9363
Dick's Brewing Company,Centralia,Ucalug Heights,63393,(287) 866-1187
Claremont Craft Ales,Claremont,Batil Mill,35622,(804) 505-9573
Rivertown Brewing Company,Lockland,Pabun Extension,33338,(430) 779-6619
Voodoo Brewery,Meadville,Pufmet Manor,5786,(726) 408-2385
D.L. Geary Brewing Company,Portland,Fumwac Highway,51405,(831) 974-1103
Pisgah Brewing Company,Black Mountain,Lohka Ridge,33454,(417) 597-4623
Neshaminy Creek Brewing Company,Croydon,Avovi Plaza,82681,(642) 609-5841
Morgan Street Brewery,Saint Louis,Tassic Loop,84924,(705) 379-7169
Half Acre Beer Company,Chicago,Rilow Highway,75691,(553) 429-7758
The Just Beer Project,Burlington,Muwne Lane,60376,(445) 265-7666
The Bronx Brewery,Bronx,Cubcap Grove,91540,(726) 552-2574
Dead Armadillo Craft Brewing,Tulsa,Dubozi Center,85858,(856) 823-5543
Catawba Brewing Company,Morganton,Bofet Highway,14152,(966) 590-6172
La Cumbre Brewing Company,Albuquerque,Mavut Way,2030,(657) 811-3360
David's Ale Works,Diamond Springs,Mabur Center,12209,(400) 745-7044
The Traveler Beer Company,Burlington,Bajpi Highway,73535,(427) 707-8005
Fargo Brewing Company,Fargo,Pichon Pass,17788,(677) 433-1459
Big Sky Brewing Company,Missoula,Wernu Point,16842,(825) 835-6286
Nebraska Brewing Company,Papillion,Piji Ridge,7905,(819) 507-1375
Uncle John's Fruit House Winery,St. John's,Fanebi Heights,67033,(863) 281-2233
Wormtown Brewery,Worcester,Pisje Center,96147,(215) 739-9165
Due South Brewing Company,Boynton Beach,Memuwa Pass,1306,(583) 971-1112
Palisade Brewing Company,Palisade,Fekfa Way,97349,(545) 669-6564
KelSo Beer Company,Brooklyn,Assu Circle,13012,(802) 827-4549
Hardywood Park Craft Brewery,Richmond,Umeogu Heights,24403,(826) 994-2495
Wolf Hills Brewing Company,Abingdon,Fusije Point,7975,(545) 382-9529
Lavery Brewing Company,Erie,Gujjur Turnpike,22763,(224) 758-8435
Manzanita Brewing Company,Santee,Nulap Pass,70441,(787) 205-6303
Fullsteam Brewery,Durham,Tenti Street,76742,(833) 496-1018
Four Horsemen Brewing Company,South Bend,Mapgi Center,73681,(812) 616-7365
Hinterland Brewery,Green Bay,Dufi Loop,9935,(979) 423-8970
Central Coast Brewing Company,San Luis Obispo,Pami Path,79508,(743) 827-9539
Westfield River Brewing Company,Westfield,Bili Pike,64847,(679) 936-4029
Elevator Brewing Company,Columbus,Zichu Loop,98751,(540) 834-5581
Aslan Brewing Company,Bellingham,Awureb Heights,27947,(429) 420-6281
Kulshan Brewery,Bellingham,Hefdip Manor,87411,(378) 432-8605
Pikes Peak Brewing Company,Monument,Fasjec Loop,26559,(805) 600-5928
Manayunk Brewing Company,Philadelphia,Icco Road,61967,(937) 996-4653
Buckeye Brewing,Cleveland,Tenu Junction,77801,(280) 714-2458
Daredevil Brewing Company,Shelbyville,Zohvo Place,60703,(357) 378-7272
NoDa Brewing Company,Charlotte,Kajiw Loop,32332,(760) 337-1675
Aviator Brewing Company,Fuquay-Varina,Daje View,76960,(964) 773-4350
Wild Onion Brewing Company,Lake Barrington,Zimu Way,77490,(316) 212-1784
Hilliard's Beer,Seattle,Luri Highway,22008,(428) 207-6858
Mikkeller,Pottstown,Coso Heights,62687,(241) 334-5481
Bohemian Brewery,Midvale,Moksi Glen,89341,(430) 893-7651
Great River Brewery,Davenport,Baun Plaza,1513,(906) 849-4443
Mustang Brewing Company,Mustang,Kuup Extension,34762,(526) 963-1991
Airways Brewing Company,Kent,Bepe Pass,21002,(501) 617-5306
21st Amendment Brewery,San Francisco,Bigsaw Manor,77631,(965) 960-2697
Eddyline Brewery & Restaurant,Buena Vista,Efatu Manor,83302,(314) 847-7956
Pizza Port Brewing Company,Carlsbad,Wuvuv Street,96053,(782) 616-4323
Sly Fox Brewing Company,Pottstown,Coem Loop,50111,(856) 789-1111
Spring House Brewing Company,Conestoga,Kineg Point,36831,(587) 221-5423
7venth Sun,Dunedin,Ofjag Ridge,26731,(631) 435-1611
Astoria Brewing Company,Astoria,Ubuva Boulevard,66881,(539) 600-4114
Maui Brewing Company,Lahaina,Jalfo Lane,85381,(204) 214-8407
RoughTail Brewing Company,Midwest City,Peseh Place,94326,(476) 943-8612
Lucette Brewing Company,Menominee,Funwiw Square,52412,(306) 762-6289
Bold City Brewery,Jacksonville,Cawhu Point,27956,(533) 915-9665
Grey Sail Brewing of Rhode Island,Westerly,Tije Pike,66270,(420) 769-3744
Blue Blood Brewing Company,Lincoln,Acpu Point,69498,(275) 221-9888
Swashbuckler Brewing Company,Manheim,Bokfa View,98604,(444) 406-1835
Blue Mountain Brewery,Afton,Dehuz Square,66012,(574) 369-5518
Starr Hill Brewery,Crozet,Laeri View,25554,(276) 740-9951
Westbrook Brewing Company,Mt. Pleasant,Akodi Center,52080,(341) 532-1066
Shipyard Brewing Company,Portland,Dinuke Parkway,27087,(236) 806-7471
Revolution Brewing,Paonia,Natsun Way,52939,(381) 243-3456
Natian Brewery,Portland,Jemlev Square,38739,(749) 811-1741
Alltech's Lexington Brewing Company,Lexington,Venok Grove,27939,(904) 236-1259
Oskar Blues Brewery (North Carol...,Brevard,Azlel Terrace,90867,(854) 349-8966
Orlison Brewing Company,Airway Heights,Rocza Highway,19501,(803) 590-6337
Breckenridge Brewery,Denver,Rapo Square,25386,(624) 532-9809
Santa Fe Brewing Company,Santa Fe,Ilomid Street,44683,(982) 929-3931
Miami Brewing Company,Miami,Ipean View,16538,(281) 324-9468
Schilling & Company,Seattle,Elsiv Terrace,90897,(842) 330-5149
Hops & Grain Brewery,Austin,Zica Key,56154,(852) 577-1841
White Flame Brewing Company,Hudsonville,Jeheta Street,14114,(672) 443-7354
Ruhstaller Beer Company,Sacramento,Divneb Road,69004,(851) 665-8172
Saugatuck Brewing Company,Douglas,Kazhut Glen,2679,(238) 371-1274
Moab Brewery,Moab,Jutwu Glen,73976,(874) 924-8797
Macon Beer Company,Macon,Uguib Point,34396,(883) 968-6665
Amnesia Brewing Company,Washougal,Pitof Trail,98466,(312) 214-3709
Wolverine State Brewing Company,Ann Arbor,Koave Park,34874,(518) 255-4607
Red Tank Cider Company,Bend,Ubsom Way,58988,(819) 966-7119
Cascadia Ciderworks United,Portland,Ivze Extension,86341,(833) 380-8839
Fate Brewing Company,Boulder,Tolheh Junction,18928,(636) 541-7387
Lazy Monk Brewing,Eau Claire,Zoov Park,42726,(383) 761-5100
Bitter Root Brewing,Hamilton,Bacwiw Circle,96735,(659) 590-6370
10 Barrel Brewing Company,Bend,Neba Extension,40422,(352) 396-9144
Tamarack Brewing Company,Lakeside,Nefe Grove,62470,(611) 912-1545
New England Brewing Company,Woodbridge,Wadgin Turnpike,2926,(905) 776-3927
Seattle Cider Company,Seattle,Raloz Terrace,36029,(682) 476-6253
Straight to Ale,Huntsville,Pegli Plaza,59945,(382) 268-2399
Austin Beerworks,Austin,Luvan Way,93215,(608) 658-8878
Blue Mountain Brewery,Arrington,Josfot Grove,9131,(283) 874-7929
Coastal Empire Beer Company,Savannah,Lejze Highway,19170,(210) 243-8906
Jack's Hard Cider (Hauser Estate...,Biglerville,Jaemo Turnpike,40613,(429) 286-5506
Boulder Beer Company,Boulder,Coal Turnpike,47681,(940) 948-7511
Coalition Brewing Company,Portland,Esotok Terrace,68282,(227) 456-6738
Sanitas Brewing Company,Boulder,Gogcid Plaza,18146,(604) 555-7166
Gore Range Brewery,Edwards,Udime Parkway,43614,(404) 637-4329
Redstone Meadery,Boulder,Dothi Court,19270,(207) 339-4684
Blue Dog Mead,Eugene,Bewe Path,42593,(257) 572-2267
Hess Brewing Company,San Diego,Vameg Pike,13661,(850) 253-7529
Wynkoop Brewing Company,Denver,Amokiv Lane,46016,(400) 525-7309
Ciderboys,Stevens Point,Dapke Court,28195,(978) 617-4215
Armadillo Ale Works,Denton,Kocmag Way,55899,(778) 680-7055
Roanoke Railhouse Brewery,Roanoke,Nivso Way,24429,(627) 785-7920
Schlafly Brewing Company,Saint Louis,Kigda Street,4200,(360) 818-6094
Asher Brewing Company,Boulder,Pase Grove,87519,(208) 639-6045
Lost Rhino Brewing Company,Ashburn,Jotpo Terrace,51140,(818) 463-1854
North Country Brewing Company,Slippery Rock,Tomag Path,65998,(500) 304-7781
Seabright Brewery,Santa Cruz,Fofa Circle,55927,(883) 325-3708
French Broad Brewery,Asheville,Hihu River,98911,(416) 361-4508
Angry Orchard Cider Company,Cincinnati,Kozpu Turnpike,22611,(378) 393-7001
Two Roads Brewing Company,Stratford,Tojja Mill,76020,(830) 539-7690
Southern Oregon Brewing Company,Medford,Camur Circle,39764,(369) 472-1727
Brooklyn Brewery,Brooklyn,Aheboz Loop,84386,(951) 544-2710
The Right Brain Brewery,Traverse City,Sepul Court,19476,(559) 900-8955
Kona Brewing Company,Kona,Rezi Glen,35174,(611) 558-3457
MillKing It Productions,Royal Oak,Coebi Lane,51479,(566) 282-9064
Pateros Creek Brewing Company,Fort Collins,Sovu Lane,22961,(511) 986-8260
O'Fallon Brewery,O'Fallon,Cokca Boulevard,42717,(359) 534-2831
Marble Brewery,Albuquerque,Gomol Mill,68959,(352) 241-5774
Big Wood Brewery,Vadnais Heights,Iceze Road,61917,(984) 568-5876
Howard Brewing Company,Lenoir,Johe Trail,93635,(322) 801-3885
Downeast Cider House,Leominster,Herzur Road,12957,(364) 942-5325
Swamp Head Brewery,Gainesville,Zacdaz View,32809,(351) 219-3875
Mavericks Beer Company,Half Moon Bay,Gettuf Point,37610,(669) 289-5399
TailGate Beer,San Diego,Wiav Pass,17015,(952) 663-7103
Northwest Brewing Company,Pacific,Iravog Square,62884,(884) 953-8615
Dad & Dude's Breweria,Aurora,Paisa Highway,15917,(836) 758-4078
Centennial Beer Company,Edwards,Ledef Turnpike,84052,(878) 410-4890
Denali Brewing Company,Talkeetna,Nacura Court,64077,(256) 939-2728
Deschutes Brewery,Bend,Voceh Boulevard,36076,(463) 519-4775
Sunken City Brewing Company,Hardy,Hazok Manor,61035,(980) 884-4382
Lucette Brewing Company,Menominie,Podiv Avenue,96965,(786) 541-2161
The Black Tooth Brewing Company,Sheridan,Adosol Highway,50992,(814) 235-2535
Kenai River Brewing Company,Soldotna,Fazno Lane,6683,(203) 982-1379
River North Brewery,Denver,Evedu Parkway,39917,(428) 410-9797
Fremont Brewing Company,Seattle,Jojwa Place,42774,(486) 286-3436
Armstrong Brewing Company,South San Francisco,Higji Heights,5476,(885) 799-8627
AC Golden Brewing Company,Golden,Ciate Grove,78052,(975) 534-6678
Big Bend Brewing Company,Alpine,Vubi Drive,20188,(310) 938-7082
Good Life Brewing Company,Bend,Rebat Park,94250,(267) 417-6849
Engine 15 Brewing,Jacksonville Beach,Akeupe Parkway,43222,(754) 489-9110
Green Room Brewing,Jacksonville,Pati Extension,22549,(632) 729-5461
Brindle Dog Brewing Company,Tampa Bay,Gorri Mill,5581,(845) 761-5191
Peace Tree Brewing Company,Knoxville,Muemo Key,29321,(642) 380-4508
Terrapin Brewing Company,Athens,Sorfi Point,82656,(558) 982-8576
Pete's Brewing Company,San Antonio,Vasok Ridge,2778,(214) 459-4709
Okoboji Brewing Company,Spirit Lake,Wule Manor,21755,(828) 758-7057
Crystal Springs Brewing Company,Boulder,Otjew Path,57801,(702) 737-1607
Engine House 9,Tacoma,Lufil Mill,34835,(968) 983-9941
Tonka Beer Company,Minnetonka,Gotow Heights,80259,(919) 652-6980
Red Hare Brewing Company,Marietta,Feme Point,93550,(427) 758-1323
Hangar 24 Craft Brewery,Redlands,Irug Point,25646,(746) 239-4850
Big Elm Brewing,Sheffield,Wikad Road,85908,(975) 729-4602
Good People Brewing Company,Birmingham,Zuwha Highway,68711,(474) 881-4825
Heavy Seas Beer,Halethorpe,Zuob Highway,6850,(521) 465-5264
Telluride Brewing Company,Telluride,Jipi Path,14621,(824) 402-6078
7 Seas Brewing Company,Gig Harbor,Saca Glen,24742,(542) 312-2623
Confluence Brewing Company,Des Moines,Mudgap Drive,50129,(777) 917-5556
Bale Breaker Brewing Company,Yakima,Fakoni Plaza,74809,(312) 879-7270
The Manhattan Brewing Company,New York,Wegim Place,63165,(834) 584-5741
MacTarnahans Brewing Company,Portland,Muwic River,42106,(774) 615-1228
Stillmank Beer Company,Green Bay,Gaho Lane,29600,(750) 523-8981
Redhook Brewery,Woodinville,Mopnuh Parkway,90576,(237) 419-3952
Dock Street Brewery,Philadelphia,Veuw Center,20464,(964) 706-9305
Blue Point Brewing Company,Patchogue,Goki Road,85882,(484) 463-6297
Tampa Bay Brewing Company,Tampa,Mepzet Pike,55203,(464) 848-5171
Devil's Canyon Brewery,Belmont,Jonof Street,71235,(421) 376-3835
Stone Coast Brewing Company,Portland,Nikme Center,95037,(444) 226-1791
Broken Tooth Brewing Company,Anchorage,Tucof Street,26121,(239) 750-6134
Seven Brides Brewery,Silverton,Polbic View,84123,(886) 336-7592
Newburyport Brewing Company,Newburyport,Owcer Boulevard,30770,(475) 912-5823
Dry Dock Brewing Company,Aurora,Akote Key,80758,(436) 961-3289
Cans Bar and Canteen,Charlotte,Durdik Point,35346,(301) 614-1228
Sprecher Brewing Company,Glendale,Hepham Parkway,67890,(719) 662-1442
Wildwood Brewing Company,Stevensville,Abom Court,55541,(489) 894-1397
High Noon Saloon And Brewery,Leavenworth,Ocalew Circle,98438,(765) 669-2640
Woodchuck Hard Cider,Middlebury,Pazzo Heights,42387,(723) 990-1080
Sea Dog Brewing Company,Portland,Zafi Manor,6977,(237) 526-3575
Oskar Blues Brewery,Lyons,Ukemar Glen,81464,(327) 985-3090
Carolina Beer & Beverage,Mooresville,Dowzi Plaza,75113,(465) 742-8162
Krebs Brewing Company (Pete's Pl...,Krebs,Igacuv Extension,47728,(662) 353-1246
Warbird Brewing Company,Fort Wayne,Wodo Plaza,98320,(525) 753-8162
Mudshark Brewing Company,Lake Havasu City,Fazeg Square,80895,(708) 222-6896
Spilker Ales,Cortland,Kazi Place,60973,(569) 761-1864
Wingman Brewers,Tacoma,Pihi Highway,82796,(305) 219-6841
Kettle House Brewing Company,Missoula,Pefid Parkway,65221,(979) 749-4799
Sherwood Forest Brewers,Marlborough,Ikek Turnpike,3336,(217) 772-8561
Cottrell Brewing,Pawcatuck,Paclin Parkway,6850,(301) 653-8220
Arctic Craft Brewery,Colorado Springs,Ehtam Extension,58272,(258) 456-2047
Monkey Paw Pub & Brewery,San Diego,Lemok Court,39235,(962) 805-1545
Crabtree Brewing Company,Greeley,Bepra Path,60531,(468) 225-1424
Emerald City Beer Company,Seattle,Lazze Plaza,91411,(300) 407-6517
Butcher's Brewing,Carlsbad,Bapij Plaza,66880,(685) 238-6657
New South Brewing Company,Myrtle Beach,Utoid Place,27572,(265) 233-6456
Big River Brewing Company,Chattanooga,Puzval Street,97325,(989) 850-6817
Twisted Pine Brewing Company,Boulder,Gemzi Circle,1880,(203) 299-6084
Flying Dog Brewery,Frederick,Cowif Place,51103,(788) 957-4277
Uncommon Brewers,Santa Cruz,Socwiz Highway,19242,(777) 950-8120
Aspen Brewing Company,Aspen,Pefoci Point,7876,(528) 270-3094
Triangle Brewing Company,Durham,Erurot Turnpike,92793,(472) 529-6027
Bomb Beer Company,New York,Kedev Extension,22678,(806) 380-6646
Churchkey Can Company,Seattle,Duwew View,28204,(243) 707-6565
Intuition Ale Works,Jacksonville,Kawhow Court,20552,(736) 847-1858
Asheville Brewing Company,Asheville,Awita Ridge,51460,(960) 237-6105
Northwoods Brewpub,Eau Claire,Gugol Drive,13662,(459) 518-3307
Buckbean Brewing Company,Reno,Wusca Street,53229,(647) 260-4626
Dolores River Brewery,Dolores,Ormo Lane,31027,(945) 513-4311
Flat Rock Brewing Company,Smithton,Ratru Trail,78924,(473) 527-5465
Abita Brewing Company,Abita Springs,Mullal Trail,65148,(536) 946-7159
Mammoth Brewing Company,Mammoth Lakes,Sazitu Highway,73784,(319) 729-3130
Harvest Moon Brewing Company,Belt,Haoko Highway,6361,(234) 781-5104
Grand Canyon Brewing Company,Williams,Avozo Terrace,67931,(325) 461-2689
Lewis and Clark Brewing Company,Helena,Obihu Point,23440,(306) 235-1417
Dundee Brewing Company,Rochester,Tinzin Loop,40196,(751) 869-7786
Twin Lakes Brewing Company,Greenville,Jigug Pass,55304,(631) 492-8035
Mother Earth Brewing Company,Kinston,Gojik View,63553,(931) 277-2045
Arcadia Brewing Company,Battle Creek,Boglat View,37276,(480) 861-4461
Angry Minnow Brewing Company,Hayward,Ewujoj Place,81748,(581) 845-7335
Great Northern Brewing Company,Whitefish,Weaf River,43356,(854) 752-8554
Pyramid Breweries,Seattle,Zuja Place,42769,(438) 645-3822
Lancaster Brewing Company,Lancaster,Abekuf Boulevard,80457,(689) 563-1887
Upstate Brewing Company,Elmira,Wiefi Drive,39105,(383) 474-6859
Moat Mountain Smoke House & Brew...,North Conway,Mubev Way,51919,(663) 612-7295
Prescott Brewing Company,Prescott,Koeme Parkway,74640,(771) 514-4610
Mogollon Brewing Company,Flagstaff,Felcer Lane,48611,(806) 746-2950
Wind River Brewing Company,Pinedale,Bauh Highway,91567,(978) 756-4815
Silverton Brewery,Silverton,Jete Loop,13682,(314) 549-9455
Mickey Finn's Brewery,Libertyville,Norru Highway,66773,(620) 408-1405
Covington Brewhouse,Covington,Jamu Loop,951,(709) 769-9390
Dave's Brewfarm,Wilson,Vabe Street,57006,(859) 450-4906
Ukiah Brewing Company,Ukiah,Soar Point,53878,(322) 209-1800
Butternuts Beer and Ale,Garrattsville,Orewi Turnpike,76472,(570) 675-4609
Sleeping Lady Brewing Company,Anchorage,Lahiw Circle,62438,(988) 406-7455
